screen_id,source_folder,purpose,recommended_implementation_stage,html_file,reference_preview
01,claudroide_android_chat_interface,New/empty chat,Stage 1,stitch_minimalist_android_chat_interface/claudroide_android_chat_interface/code.html,stitch_minimalist_android_chat_interface/claudroide_android_chat_interface/screen.png
02,claudroide_aktive_konversation,Active conversation,Stage 1,stitch_minimalist_android_chat_interface/claudroide_aktive_konversation/code.html,stitch_minimalist_android_chat_interface/claudroide_aktive_konversation/screen.png
03,claudroide_anhang_men,Attachment bottom sheet,Stage 1,stitch_minimalist_android_chat_interface/claudroide_anhang_men/code.html,stitch_minimalist_android_chat_interface/claudroide_anhang_men/screen.png
04,claudroide_navigation_drawer,Navigation drawer,Stage 1,stitch_minimalist_android_chat_interface/claudroide_navigation_drawer/code.html,stitch_minimalist_android_chat_interface/claudroide_navigation_drawer/screen.png
05,claudroide_verlauf_und_suche,History and search,Stage 1,stitch_minimalist_android_chat_interface/claudroide_verlauf_und_suche/code.html,stitch_minimalist_android_chat_interface/claudroide_verlauf_und_suche/screen.png
06,claudroide_projekte_bersicht,Projects overview,Stage 2A,stitch_minimalist_android_chat_interface/claudroide_projekte_bersicht/code.html,stitch_minimalist_android_chat_interface/claudroide_projekte_bersicht/screen.png
07,claudroide_projekt_details,Project detail,Stage 2A,stitch_minimalist_android_chat_interface/claudroide_projekt_details/code.html,stitch_minimalist_android_chat_interface/claudroide_projekt_details/screen.png
08,claudroide_projekt_dateien,Project files,Stage 2A,stitch_minimalist_android_chat_interface/claudroide_projekt_dateien/code.html,stitch_minimalist_android_chat_interface/claudroide_projekt_dateien/screen.png
09,claudroide_dokument_artefakt_viewer,Document/artifact viewer,Stage 2A,stitch_minimalist_android_chat_interface/claudroide_dokument_artefakt_viewer/code.html,stitch_minimalist_android_chat_interface/claudroide_dokument_artefakt_viewer/screen.png
10,claudroide_generiertes_output_detail,Generated output detail,Stage 2A,stitch_minimalist_android_chat_interface/claudroide_generiertes_output_detail/code.html,stitch_minimalist_android_chat_interface/claudroide_generiertes_output_detail/screen.png
11,claudroide_coding_workspace,Coding workspace,Stage 2B,stitch_minimalist_android_chat_interface/claudroide_coding_workspace/code.html,stitch_minimalist_android_chat_interface/claudroide_coding_workspace/screen.png
12,claudroide_code_review,Code review/diff,Stage 2B,stitch_minimalist_android_chat_interface/claudroide_code_review/code.html,stitch_minimalist_android_chat_interface/claudroide_code_review/screen.png
13,claudroide_terminal_task_aktivit_t,Terminal and task activity,Stage 2B,stitch_minimalist_android_chat_interface/claudroide_terminal_task_aktivit_t/code.html,stitch_minimalist_android_chat_interface/claudroide_terminal_task_aktivit_t/screen.png
14,claudroide_agent_task_details,Agent task detail,Stage 2B,stitch_minimalist_android_chat_interface/claudroide_agent_task_details/code.html,stitch_minimalist_android_chat_interface/claudroide_agent_task_details/screen.png
15,claudroide_build_ergebnis,Build result,Stage 2B,stitch_minimalist_android_chat_interface/claudroide_build_ergebnis/code.html,stitch_minimalist_android_chat_interface/claudroide_build_ergebnis/screen.png
16,claudroide_media_creation,Media creation,Stage 2C,stitch_minimalist_android_chat_interface/claudroide_media_creation/code.html,stitch_minimalist_android_chat_interface/claudroide_media_creation/screen.png
17,claudroide_generiertes_media_ergebnis,Generated media result,Stage 2C,stitch_minimalist_android_chat_interface/claudroide_generiertes_media_ergebnis/code.html,stitch_minimalist_android_chat_interface/claudroide_generiertes_media_ergebnis/screen.png
18,claudroide_video_job_ergebnis,Video job/result,Stage 2C,stitch_minimalist_android_chat_interface/claudroide_video_job_ergebnis/code.html,stitch_minimalist_android_chat_interface/claudroide_video_job_ergebnis/screen.png
19,claudroide_audio_musik_player,Audio/music player,Stage 2C,stitch_minimalist_android_chat_interface/claudroide_audio_musik_player/code.html,stitch_minimalist_android_chat_interface/claudroide_audio_musik_player/screen.png
20,claudroide_provider_capability_selection,Provider capability selection,Stage 2C,stitch_minimalist_android_chat_interface/claudroide_provider_capability_selection/code.html,stitch_minimalist_android_chat_interface/claudroide_provider_capability_selection/screen.png
21,claudroide_media_bridge_einstellungen,Media bridge settings,Stage 2C,stitch_minimalist_android_chat_interface/claudroide_media_bridge_einstellungen/code.html,stitch_minimalist_android_chat_interface/claudroide_media_bridge_einstellungen/screen.png
22,claudroide_integration_overview,Integration overview,Stage 2D,stitch_minimalist_android_chat_interface/claudroide_integration_overview/code.html,stitch_minimalist_android_chat_interface/claudroide_integration_overview/screen.png
23,claudroide_provider_modell_einstellungen,Provider/model settings,Stage 2D,stitch_minimalist_android_chat_interface/claudroide_provider_modell_einstellungen/code.html,stitch_minimalist_android_chat_interface/claudroide_provider_modell_einstellungen/screen.png
24,claudroide_mcp_server_konfiguration,MCP server configuration,Stage 2D,stitch_minimalist_android_chat_interface/claudroide_mcp_server_konfiguration/code.html,stitch_minimalist_android_chat_interface/claudroide_mcp_server_konfiguration/screen.png
25,claudroide_skills_plugins,Skills/plugins,Stage 2D,stitch_minimalist_android_chat_interface/claudroide_skills_plugins/code.html,stitch_minimalist_android_chat_interface/claudroide_skills_plugins/screen.png
26,claudroide_experten_modus,Expert mode,Stage 2D,stitch_minimalist_android_chat_interface/claudroide_experten_modus/code.html,stitch_minimalist_android_chat_interface/claudroide_experten_modus/screen.png
